id,priority,category,working_title,angle (why a reader cares),linked_entities,primary_sources_to_check,status,author,human_reviewer,fact_check_done,plagiarism_score,signed_off_date
P001,1,legal,"The Taylor Swift master-catalog dispute: who owns a recording, and why",Explain master vs. publishing rights in plain language for fans,taylor-swift; taylor-swift-master-catalog-dispute,Public statements by the parties; any filed agreements or court records; music-rights explainers from a copyright authority,planned,,,no,,
P002,1,legal,Cristiano Ronaldo v. Juventus: how a sports arbitration ruled,What CAS arbitration is and how it differs from court,cristiano-ronaldo; court-of-arbitration-for-sport,CAS published award or press release; club/player official statements,planned,,,no,,
P003,1,legal,Engler v. Winfrey: the beef trial explained,Defamation law and food-disparagement statutes in a talk-show context,oprah-winfrey; engler-v-winfrey,Fifth Circuit opinion; N.D. Tex. docket,planned,,,no,,
P004,2,legal,Marbury v. Madison in plain English,Why judicial review exists; 1803 case every viewer hears about,marbury-v-madison; supreme-court-of-the-united-states,Opinion text at supremecourt.gov / LOC,planned,,,no,,
P005,2,legal,Carnival Cruise Lines v. Shute: what the forum clause on your ticket means,Practical for cruise passengers; ties to maritime hub,carnival-cruise-lines-v-shute,SCOTUS opinion (1991),planned,,,no,,
P006,2,legal,United States v. Virginia and the fight over VMI admissions,Equal protection explained through one case,united-states-v-virginia; ruth-bader-ginsburg,SCOTUS opinion (1996),planned,,,no,,
P007,3,legal,The Egypt v. Fahmy trial: what a foreign criminal court case looked like,Comparative-law view for global readers,egypt-v-fahmy-and-mohamed; cairo-criminal-court,Court records; reputable press coverage cross-checked,planned,,,no,,
P008,2,legal,How the Supreme Court of the United States works: a reader's guide,"Court explainer: jurisdiction, famous matters, how to read its rulings",courts,Official court website; published rules,planned,,,no,,
P009,2,legal,How the Delaware Court of Chancery works: a reader's guide,"Court explainer: jurisdiction, famous matters, how to read its rulings",courts,Official court website; published rules,planned,,,no,,
P010,2,legal,How the Court of Arbitration for Sport works: a reader's guide,"Court explainer: jurisdiction, famous matters, how to read its rulings",courts,Official court website; published rules,planned,,,no,,
P011,2,legal,"How the US Court of Appeals, Fifth Circuit works: a reader's guide","Court explainer: jurisdiction, famous matters, how to read its rulings",courts,Official court website; published rules,planned,,,no,,
P012,2,legal,How the SDNY works: a reader's guide,"Court explainer: jurisdiction, famous matters, how to read its rulings",courts,Official court website; published rules,planned,,,no,,
P013,1,people,Messi: the business and legal side of the career,"Contracts, IP, endorsements or litigation, only where public record exists",lionel-messi,"Official filings, first-party statements, 2+ independent reputable outlets",planned,,,no,,
P014,1,people,Ronaldo: the business and legal side of the career,"Contracts, IP, endorsements or litigation, only where public record exists",cristiano-ronaldo,"Official filings, first-party statements, 2+ independent reputable outlets",planned,,,no,,
P015,1,people,Beyoncé: the business and legal side of the career,"Contracts, IP, endorsements or litigation, only where public record exists",beyonce,"Official filings, first-party statements, 2+ independent reputable outlets",planned,,,no,,
P016,1,people,LeBron James: the business and legal side of the career,"Contracts, IP, endorsements or litigation, only where public record exists",lebron-james,"Official filings, first-party statements, 2+ independent reputable outlets",planned,,,no,,
P017,2,people,Tom Hanks: the business and legal side of the career,"Contracts, IP, endorsements or litigation, only where public record exists",tom-hanks,"Official filings, first-party statements, 2+ independent reputable outlets",planned,,,no,,
P018,2,people,Steven Spielberg: the business and legal side of the career,"Contracts, IP, endorsements or litigation, only where public record exists",steven-spielberg,"Official filings, first-party statements, 2+ independent reputable outlets",planned,,,no,,
P019,2,people,MrBeast: the business and legal side of the career,"Contracts, IP, endorsements or litigation, only where public record exists",mrbeast,"Official filings, first-party statements, 2+ independent reputable outlets",planned,,,no,,
P020,2,people,Khaby Lame: the business and legal side of the career,"Contracts, IP, endorsements or litigation, only where public record exists",khaby-lame,"Official filings, first-party statements, 2+ independent reputable outlets",planned,,,no,,
P021,2,people,David Attenborough: the business and legal side of the career,"Contracts, IP, endorsements or litigation, only where public record exists",david-attenborough,"Official filings, first-party statements, 2+ independent reputable outlets",planned,,,no,,
P022,2,people,Kathleen Kennedy: the business and legal side of the career,"Contracts, IP, endorsements or litigation, only where public record exists",kathleen-kennedy,"Official filings, first-party statements, 2+ independent reputable outlets",planned,,,no,,
P023,2,people,Amal Clooney: the business and legal side of the career,"Contracts, IP, endorsements or litigation, only where public record exists",amal-clooney,"Official filings, first-party statements, 2+ independent reputable outlets",planned,,,no,,
P024,2,people,Sonia Sotomayor: the business and legal side of the career,"Contracts, IP, endorsements or litigation, only where public record exists",sonia-sotomayor,"Official filings, first-party statements, 2+ independent reputable outlets",planned,,,no,,
P025,2,people,Clarence Thomas: the business and legal side of the career,"Contracts, IP, endorsements or litigation, only where public record exists",clarence-thomas,"Official filings, first-party statements, 2+ independent reputable outlets",planned,,,no,,
P026,2,people,Jack Smith: the business and legal side of the career,"Contracts, IP, endorsements or litigation, only where public record exists",jack-smith,"Official filings, first-party statements, 2+ independent reputable outlets",planned,,,no,,
P027,1,movies,Movies story #1 (topic chosen from live news that week),Only news we can source; explain the legal/business angle,forrest-gump; jaws; jurassic-park,"Studio/artist statements, trade press, filings",planned,,,no,,
P028,1,movies,Movies story #2 (topic chosen from live news that week),Only news we can source; explain the legal/business angle,forrest-gump; jaws; jurassic-park,"Studio/artist statements, trade press, filings",planned,,,no,,
P029,1,movies,Movies story #3 (topic chosen from live news that week),Only news we can source; explain the legal/business angle,forrest-gump; jaws; jurassic-park,"Studio/artist statements, trade press, filings",planned,,,no,,
P030,1,music,Music story #1 (topic chosen from live news that week),Only news we can source; explain the legal/business angle,lemonade; renaissance,"Studio/artist statements, trade press, filings",planned,,,no,,
P031,1,music,Music story #2 (topic chosen from live news that week),Only news we can source; explain the legal/business angle,lemonade; renaissance,"Studio/artist statements, trade press, filings",planned,,,no,,
P032,1,music,Music story #3 (topic chosen from live news that week),Only news we can source; explain the legal/business angle,lemonade; renaissance,"Studio/artist statements, trade press, filings",planned,,,no,,
P033,1,television,Television story #1 (topic chosen from live news that week),Only news we can source; explain the legal/business angle,the-oprah-winfrey-show,"Studio/artist statements, trade press, filings",planned,,,no,,
P034,1,television,Television story #2 (topic chosen from live news that week),Only news we can source; explain the legal/business angle,the-oprah-winfrey-show,"Studio/artist statements, trade press, filings",planned,,,no,,
P035,1,television,Television story #3 (topic chosen from live news that week),Only news we can source; explain the legal/business angle,the-oprah-winfrey-show,"Studio/artist statements, trade press, filings",planned,,,no,,
P036,1,streaming,Streaming story #1 (topic chosen from live news that week),Only news we can source; explain the legal/business angle,our-planet,"Studio/artist statements, trade press, filings",planned,,,no,,
P037,1,streaming,Streaming story #2 (topic chosen from live news that week),Only news we can source; explain the legal/business angle,our-planet,"Studio/artist statements, trade press, filings",planned,,,no,,
P038,1,streaming,Streaming story #3 (topic chosen from live news that week),Only news we can source; explain the legal/business angle,our-planet,"Studio/artist statements, trade press, filings",planned,,,no,,
P039,1,celebrity-news,Celebrity news story #1 (topic chosen from live news that week),Only news we can source; explain the legal/business angle,,"Studio/artist statements, trade press, filings",planned,,,no,,
P040,1,celebrity-news,Celebrity news story #2 (topic chosen from live news that week),Only news we can source; explain the legal/business angle,,"Studio/artist statements, trade press, filings",planned,,,no,,
P041,1,celebrity-news,Celebrity news story #3 (topic chosen from live news that week),Only news we can source; explain the legal/business angle,,"Studio/artist statements, trade press, filings",planned,,,no,,
P042,3,sports,"How NBA franchises are structured: Lakers, Cavaliers, Heat","Ownership, salary cap, contracts explained",los-angeles-lakers; cleveland-cavaliers; miami-heat,NBA CBA public summary; team sites,planned,,,no,,
P043,3,sports,Inter Miami and Real Madrid: how player transfers actually work,Transfer rules for casual fans,inter-miami-cf; real-madrid-cf,FIFA regulations,planned,,,no,,
P044,3,topics,Defamation law: a viewer's guide,Topic hub intro + link list,defamation-law,"Statutes, restatements, court explainers",planned,,,no,,
P045,3,topics,Press freedom and the First Amendment,Topic hub intro,press-freedom,First Amendment case law,planned,,,no,,
P046,3,topics,Maritime law basics,Bridge to the cruise/offshore hubs,maritime-law,Federal maritime statutes,planned,,,no,,
